{"cameraMode":{"drawMode":0,"name":"Shaded","section":"Shading Mode"},"sceneLighting":true,"audioPlay":false,"sceneViewState":{"showFog":true,"showMaterialUpdate":false,"showSkybox":true,"showFlares":true,"showImageEffects":true,"showParticleSystems":true},"in2DMode":false,"pivot":{"x":-4.424734115600586,"y":-12.95777702331543,"z":-13.800415992736817},"rotation":{"x":-0.0863296389579773,"y":0.9099745750427246,"z":-0.3270110785961151,"w":-0.24011370539665223},"size":46.50294494628906,"orthographic":false}